ts,statusword,mode_display,position,velocity,torque,current,error_code,rated_current,rated_torque,max_motor_speed,dc_bus_voltage,drive_temp,current_A,torque_Nm
1776839587.3752413,1591,1,-34,0,-14,-13,0,4270,2391,6000,305,37,-0.05551,-0.033474
1776839587.4757776,1591,1,-48,0,-14,-13,0,4270,2391,6000,305,37,-0.05551,-0.033474
1776839587.5758681,1591,1,-38,0,-14,-13,0,4270,2391,6000,305,37,-0.05551,-0.033474
1776839587.676169,1591,1,-34,0,-13,-14,0,4270,2391,6000,305,37,-0.05978,-0.031083
1776839587.7767081,1591,1,-34,0,-14,-14,0,4270,2391,6000,305,37,-0.05978,-0.033474
1776839587.8771365,1591,1,-18,0,-13,-13,0,4270,2391,6000,305,37,-0.05551,-0.031083
1776839587.977489,1591,1,-14,0,-13,-14,0,4270,2391,6000,305,37,-0.05978,-0.031083
1776839588.07819,1591,1,-6,0,-14,-13,0,4270,2391,6000,305,37,-0.05551,-0.033474
1776839588.1786258,1591,1,-2,0,-13,-13,0,4270,2391,6000,305,37,-0.05551,-0.031083
1776839588.2791598,1591,1,14,0,-13,-14,0,4270,2391,6000,305,37,-0.05978,-0.031083
1776839588.3796818,1591,1,8,0,-14,-13,0,4270,2391,6000,305,37,-0.05551,-0.033474
1776839588.4799447,1591,1,12,0,-13,-13,0,4270,2391,6000,305,37,-0.05551,-0.031083
1776839588.5800672,1591,1,18,0,-13,-12,0,4270,2391,6000,305,37,-0.05124,-0.031083
1776839588.6802132,1591,1,14,0,-13,-12,0,4270,2391,6000,305,37,-0.05124,-0.031083
1776839588.7806773,1591,1,18,0,-13,-13,0,4270,2391,6000,305,37,-0.05551,-0.031083
1776839588.8808298,1591,1,18,0,-14,-13,0,4270,2391,6000,305,37,-0.05551,-0.033474
1776839588.9813218,1591,1,4,0,-14,-13,0,4270,2391,6000,305,37,-0.05551,-0.033474
1776839589.0815454,1591,1,18,0,-13,-14,0,4270,2391,6000,305,37,-0.05978,-0.031083
1776839589.181849,1591,1,18,0,-14,-14,0,4270,2391,6000,305,37,-0.05978,-0.033474
1776839589.2823598,1591,1,18,0,-14,-15,0,4270,2391,6000,306,37,-0.06405,-0.033474
1776839589.382668,1591,1,18,0,-13,-13,0,4270,2391,6000,305,37,-0.05551,-0.031083
1776839589.4831412,1591,1,8,0,-13,-13,0,4270,2391,6000,305,37,-0.05551,-0.031083
1776839589.5833204,1591,1,18,0,-13,-14,0,4270,2391,6000,305,37,-0.05978,-0.031083
1776839589.6837547,1591,1,14,0,-14,-13,0,4270,2391,6000,305,37,-0.05551,-0.033474
1776839589.7842734,1591,1,-12,0,-14,-14,0,4270,2391,6000,305,37,-0.05978,-0.033474
1776839589.8847067,1591,1,-8,0,-14,-14,0,4270,2391,6000,305,37,-0.05978,-0.033474
1776839589.9848888,1591,1,-24,0,-13,-12,0,4270,2391,6000,305,37,-0.05124,-0.031083
1776839590.085139,1591,1,-28,0,-13,-14,0,4270,2391,6000,305,37,-0.05978,-0.031083
1776839590.1854842,1591,1,-30,0,-13,-13,0,4270,2391,6000,305,37,-0.05551,-0.031083
1776839590.2858272,1591,1,-30,0,-14,-14,0,4270,2391,6000,305,37,-0.05978,-0.033474
1776839590.386095,1591,1,-40,0,-13,-13,0,4270,2391,6000,305,37,-0.05551,-0.031083
1776839590.486346,1591,1,-40,0,-13,-12,0,4270,2391,6000,305,37,-0.05124,-0.031083
1776839590.5868196,1591,1,-38,0,-14,-13,0,4270,2391,6000,305,37,-0.05551,-0.033474
1776839590.687235,1591,1,-14,0,-13,-13,0,4270,2391,6000,305,37,-0.05551,-0.031083
1776839590.7877219,1591,1,-12,0,-13,-13,0,4270,2391,6000,305,37,-0.05551,-0.031083
1776839590.8880835,1591,1,8,0,-13,-14,0,4270,2391,6000,305,37,-0.05978,-0.031083
1776839590.9884584,1591,1,8,0,-13,-14,0,4270,2391,6000,305,37,-0.05978,-0.031083
1776839591.0886807,1591,1,8,0,-14,-13,0,4270,2391,6000,305,37,-0.05551,-0.033474
1776839591.1889687,1591,1,8,0,-14,-13,0,4270,2391,6000,305,37,-0.05551,-0.033474
1776839591.289236,1591,1,8,0,-15,-13,0,4270,2391,6000,306,37,-0.05551,-0.035865
1776839591.3897982,1591,1,14,0,-14,-13,0,4270,2391,6000,306,37,-0.05551,-0.033474
1776839591.490188,1591,1,18,0,-13,-13,0,4270,2391,6000,306,37,-0.05551,-0.031083
1776839591.590411,1591,1,22,0,-14,-13,0,4270,2391,6000,306,37,-0.05551,-0.033474
1776839591.6905532,1591,1,14,0,-14,-14,0,4270,2391,6000,305,37,-0.05978,-0.033474
1776839591.7907617,1591,1,18,0,-14,-14,0,4270,2391,6000,305,37,-0.05978,-0.033474
1776839591.8910174,1591,1,28,0,-14,-13,0,4270,2391,6000,305,37,-0.05551,-0.033474
1776839591.991424,1591,1,8,0,-14,-14,0,4270,2391,6000,305,37,-0.05978,-0.033474
1776839592.0914793,1591,1,12,0,-14,-13,0,4270,2391,6000,305,37,-0.05551,-0.033474
1776839592.192032,1591,1,22,0,-13,-13,0,4270,2391,6000,306,37,-0.05551,-0.031083
1776839592.2924654,1591,1,18,0,-13,-13,0,4270,2391,6000,306,37,-0.05551,-0.031083
1776839592.3930857,1591,1,18,0,-14,-13,0,4270,2391,6000,305,37,-0.05551,-0.033474
1776839592.4934046,1591,1,12,0,-13,-13,0,4270,2391,6000,305,37,-0.05551,-0.031083
1776839592.593883,1591,1,12,0,-13,-13,0,4270,2391,6000,305,37,-0.05551,-0.031083
1776839592.694702,1591,1,-12,0,-14,-13,0,4270,2391,6000,305,37,-0.05551,-0.033474
1776839592.7948968,1591,1,-6,0,-13,-13,0,4270,2391,6000,305,37,-0.05551,-0.031083
1776839592.8952549,1591,1,-34,0,-14,-14,0,4270,2391,6000,305,37,-0.05978,-0.033474
1776839592.9956245,1591,1,-24,0,-14,-13,0,4270,2391,6000,305,37,-0.05551,-0.033474
1776839593.0962286,1591,1,-24,0,-14,-14,0,4270,2391,6000,305,37,-0.05978,-0.033474
1776839593.196863,1591,1,-30,0,-13,-13,0,4270,2391,6000,305,37,-0.05551,-0.031083
1776839593.2973266,1591,1,-12,0,-13,-14,0,4270,2391,6000,305,37,-0.05978,-0.031083
1776839593.397451,1591,1,-12,0,-13,-14,0,4270,2391,6000,305,37,-0.05978,-0.031083
1776839593.4980876,567,1,1420365,1435,25,26,0,4270,2391,6000,305,37,0.11102,0.059775
1776839593.5985332,567,1,6242596,1777,26,28,0,4270,2391,6000,305,37,0.11956,0.062166
1776839593.699073,567,1,11287023,1787,31,25,0,4270,2391,6000,305,37,0.10675,0.074121
1776839593.799239,567,1,16287173,1788,27,25,0,4270,2391,6000,305,37,0.10675,0.064557
1776839593.8999412,567,1,21286781,1787,28,27,0,4270,2391,6000,305,37,0.11529,0.066948
1776839594.0005558,567,1,26337158,1788,25,25,0,4270,2391,6000,305,37,0.10675,0.059775
1776839594.1009464,567,1,31336800,1787,24,28,0,4270,2391,6000,305,37,0.11956,0.057384
1776839594.2010624,567,1,36387095,1787,25,27,0,4270,2391,6000,305,37,0.11529,0.059775
1776839594.3014553,567,1,41386836,1787,27,30,0,4270,2391,6000,305,37,0.1281,0.064557
1776839594.4018035,567,1,46076558,1146,-1,2,0,4270,2391,6000,305,37,0.00854,-0.002391
1776839594.5020816,567,1,46587583,28,19,19,0,4270,2391,6000,305,37,0.08113,0.045429
1776839594.6026287,567,1,46603003,1,18,19,0,4270,2391,6000,305,37,0.08113,0.043038
1776839594.7030334,567,1,46603541,0,17,17,0,4270,2391,6000,305,37,0.07259,0.040647
1776839594.803565,1591,1,46603465,0,16,15,0,4270,2391,6000,305,37,0.06405,0.038256
1776839594.903645,1591,1,46603417,0,15,15,0,4270,2391,6000,305,37,0.06405,0.035865
1776839595.0039387,1591,1,46603393,0,15,15,0,4270,2391,6000,305,37,0.06405,0.035865
1776839595.1042378,1591,1,46603407,0,15,15,0,4270,2391,6000,305,37,0.06405,0.035865
1776839595.204309,1591,1,46603389,0,15,15,0,4270,2391,6000,305,37,0.06405,0.035865
1776839595.3045738,1591,1,46603393,0,15,15,0,4270,2391,6000,305,37,0.06405,0.035865
1776839595.4046876,1591,1,46603389,0,15,15,0,4270,2391,6000,305,37,0.06405,0.035865
1776839595.5054593,1591,1,46603421,0,15,15,0,4270,2391,6000,305,37,0.06405,0.035865
1776839595.6060944,1591,1,46603411,0,15,15,0,4270,2391,6000,306,37,0.06405,0.035865
1776839595.7066166,1591,1,46603415,0,14,15,0,4270,2391,6000,306,37,0.06405,0.033474
1776839595.8073115,1591,1,46603391,0,15,15,0,4270,2391,6000,306,37,0.06405,0.035865
1776839595.9075933,1591,1,46603391,0,15,15,0,4270,2391,6000,305,37,0.06405,0.035865
1776839596.008093,1591,1,46603371,0,14,15,0,4270,2391,6000,305,37,0.06405,0.033474
1776839596.1086297,1591,1,46603371,0,15,15,0,4270,2391,6000,305,37,0.06405,0.035865
1776839596.2091308,1591,1,46603363,0,15,14,0,4270,2391,6000,305,37,0.05978,0.035865
1776839596.3093445,1591,1,46603363,0,15,15,0,4270,2391,6000,305,37,0.06405,0.035865
1776839596.409795,1591,1,46603367,0,14,15,0,4270,2391,6000,305,37,0.06405,0.033474
1776839596.5106547,1591,1,46603355,0,15,15,0,4270,2391,6000,305,37,0.06405,0.035865
1776839596.611199,1591,1,46603363,0,14,15,0,4270,2391,6000,305,37,0.06405,0.033474
1776839596.7117634,1591,1,46603371,0,14,15,0,4270,2391,6000,305,37,0.06405,0.033474
1776839596.8120914,1591,1,46603363,0,15,14,0,4270,2391,6000,305,37,0.05978,0.035865
1776839596.9126103,1591,1,46603371,0,15,15,0,4270,2391,6000,305,37,0.06405,0.035865
1776839597.0128784,1591,1,46603355,0,15,14,0,4270,2391,6000,305,37,0.05978,0.035865
1776839597.113129,1591,1,46603377,0,14,14,0,4270,2391,6000,305,37,0.05978,0.033474
1776839597.2134244,1591,1,46603377,0,15,15,0,4270,2391,6000,305,37,0.06405,0.035865
1776839597.3136265,1591,1,46603381,0,14,14,0,4270,2391,6000,305,37,0.05978,0.033474
1776839597.4140956,1591,1,46603391,0,15,15,0,4270,2391,6000,305,37,0.06405,0.035865
1776839597.5142903,1591,1,46603389,0,15,14,0,4270,2391,6000,305,37,0.05978,0.035865
1776839597.614747,1591,1,46603389,0,15,14,0,4270,2391,6000,305,37,0.05978,0.035865
1776839597.7152507,1591,1,46603371,0,14,15,0,4270,2391,6000,305,37,0.06405,0.033474
1776839597.8154924,1591,1,46603411,0,15,14,0,4270,2391,6000,305,37,0.05978,0.035865
1776839597.9159882,1591,1,46603395,0,15,14,0,4270,2391,6000,305,37,0.05978,0.035865
1776839598.0162811,1591,1,46603391,0,15,14,0,4270,2391,6000,305,37,0.05978,0.035865
1776839598.1174445,1591,1,46603363,0,16,14,0,4270,2391,6000,305,37,0.05978,0.038256
1776839598.2206314,1591,1,46603367,0,15,14,0,4270,2391,6000,305,37,0.05978,0.035865
1776839598.3209572,1591,1,46603371,0,14,15,0,4270,2391,6000,305,37,0.06405,0.033474
1776839598.4213274,1591,1,46603371,0,16,15,0,4270,2391,6000,305,37,0.06405,0.038256
1776839598.5215132,1591,1,46603371,0,14,14,0,4270,2391,6000,305,37,0.05978,0.033474
1776839598.6221924,1591,1,46603363,0,15,14,0,4270,2391,6000,305,37,0.05978,0.035865
1776839598.724161,1591,1,46603393,0,14,15,0,4270,2391,6000,305,37,0.06405,0.033474
1776839598.8247926,1591,1,46603389,0,15,14,0,4270,2391,6000,305,37,0.05978,0.035865
1776839598.925271,1591,1,46603411,0,15,14,0,4270,2391,6000,305,37,0.05978,0.035865
1776839599.0255523,1591,1,46603405,0,15,16,0,4270,2391,6000,305,37,0.06832,0.035865
1776839599.125665,1591,1,46603407,0,15,15,0,4270,2391,6000,305,37,0.06405,0.035865
1776839599.229979,1591,1,46603367,0,15,15,0,4270,2391,6000,305,37,0.06405,0.035865
1776839599.3307064,1591,1,46603367,0,15,15,0,4270,2391,6000,305,37,0.06405,0.035865
1776839599.4309406,1591,1,46603371,0,15,14,0,4270,2391,6000,305,37,0.05978,0.035865
1776839599.5311801,1591,1,46603359,0,15,15,0,4270,2391,6000,305,37,0.06405,0.035865
1776839599.631342,1591,1,46603355,0,15,15,0,4270,2391,6000,305,37,0.06405,0.035865
1776839599.7344117,1591,1,46603393,0,15,14,0,4270,2391,6000,305,37,0.05978,0.035865
1776839599.8349614,1591,1,46603405,0,15,14,0,4270,2391,6000,305,37,0.05978,0.035865
1776839599.9353178,1591,1,46603405,0,14,14,0,4270,2391,6000,305,37,0.05978,0.033474
1776839600.0360458,1591,1,46603391,0,14,15,0,4270,2391,6000,305,37,0.06405,0.033474
1776839600.136627,1591,1,46603391,0,15,15,0,4270,2391,6000,305,37,0.06405,0.035865
1776839600.2372515,1591,1,46603371,0,14,15,0,4270,2391,6000,305,37,0.06405,0.033474
1776839600.337721,567,1,45846936,-1125,-30,-30,0,4270,2391,6000,305,37,-0.1281,-0.07173
1776839600.4379218,567,1,41156126,-1770,-27,-27,0,4270,2391,6000,305,37,-0.11529,-0.064557
1776839600.5383003,567,1,36115676,-1788,-27,-25,0,4270,2391,6000,305,37,-0.10675,-0.064557
1776839600.6384807,567,1,31115907,-1789,-28,-27,0,4270,2391,6000,305,37,-0.11529,-0.066948
1776839600.7388372,567,1,26116032,-1788,-28,-27,0,4270,2391,6000,305,37,-0.11529,-0.066948
1776839600.839178,567,1,21066003,-1789,-28,-26,0,4270,2391,6000,305,37,-0.11102,-0.066948
1776839600.9395525,567,1,16016161,-1788,-23,-25,0,4270,2391,6000,305,37,-0.10675,-0.054993
1776839601.0401452,567,1,11015852,-1789,-24,-26,0,4270,2391,6000,305,37,-0.11102,-0.057384
1776839601.1404717,567,1,6016207,-1788,-24,-27,0,4270,2391,6000,305,37,-0.11529,-0.057384
1776839601.2409258,567,1,965966,-1789,-25,-27,0,4270,2391,6000,305,37,-0.11529,-0.059775
1776839601.3412902,567,1,-4033962,-1788,-25,-27,0,4270,2391,6000,305,37,-0.11529,-0.059775
1776839601.441486,567,1,-9033939,-1788,-24,-26,0,4270,2391,6000,305,37,-0.11102,-0.057384
1776839601.5417693,567,1,-14033858,-1788,-21,-28,0,4270,2391,6000,305,37,-0.11956,-0.050211
1776839601.6422317,567,1,-19083913,-1789,-22,-29,0,4270,2391,6000,305,37,-0.12383,-0.052602
1776839601.742718,567,1,-24083992,-1788,-23,-26,0,4270,2391,6000,305,37,-0.11102,-0.054993
1776839601.842853,567,1,-29083952,-1789,-23,-24,0,4270,2391,6000,305,37,-0.10248,-0.054993
1776839601.9433076,567,1,-34133854,-1788,-27,-26,0,4270,2391,6000,305,37,-0.11102,-0.064557
1776839602.0436282,567,1,-39134061,-1789,-23,-22,0,4270,2391,6000,305,37,-0.09394,-0.054993
1776839602.144577,567,1,-44183846,-1788,-25,-24,0,4270,2391,6000,305,37,-0.10248,-0.059775
1776839602.2449806,567,1,-46529416,-135,-20,-20,0,4270,2391,6000,305,37,-0.0854,-0.04782
1776839602.3453083,567,1,-46601091,-4,-22,-22,0,4270,2391,6000,305,37,-0.09394,-0.052602
1776839602.4454374,567,1,-46603570,0,-20,-19,0,4270,2391,6000,305,37,-0.08113,-0.04782
1776839602.545631,567,1,-46603562,0,-19,-18,0,4270,2391,6000,305,37,-0.07686,-0.045429
1776839602.6458175,1591,1,-46603486,0,-18,-17,0,4270,2391,6000,305,37,-0.07259,-0.043038
1776839602.746007,1591,1,-46603456,0,-18,-18,0,4270,2391,6000,305,37,-0.07686,-0.043038
1776839602.8466141,1591,1,-46603422,0,-18,-17,0,4270,2391,6000,305,37,-0.07259,-0.043038
1776839602.947395,1591,1,-46603378,0,-17,-17,0,4270,2391,6000,305,37,-0.07259,-0.040647
1776839603.0474741,1591,1,-46603366,0,-16,-16,0,4270,2391,6000,305,37,-0.06832,-0.038256
1776839603.1477764,1591,1,-46603362,0,-17,-16,0,4270,2391,6000,305,37,-0.06832,-0.040647
1776839603.2479668,1591,1,-46603362,0,-17,-16,0,4270,2391,6000,305,37,-0.06832,-0.040647
1776839603.3481221,1591,1,-46603362,0,-17,-16,0,4270,2391,6000,305,37,-0.06832,-0.040647
1776839603.4483159,1591,1,-46603372,0,-17,-16,0,4270,2391,6000,305,37,-0.06832,-0.040647
1776839603.5492795,1591,1,-46603348,0,-16,-16,0,4270,2391,6000,305,37,-0.06832,-0.038256
1776839603.649724,1591,1,-46603366,0,-17,-16,0,4270,2391,6000,305,37,-0.06832,-0.040647
1776839603.7500398,1591,1,-46603356,0,-16,-16,0,4270,2391,6000,305,37,-0.06832,-0.038256
1776839603.8505177,1591,1,-46603366,0,-16,-17,0,4270,2391,6000,305,37,-0.07259,-0.038256
1776839603.9511158,1591,1,-46603352,0,-16,-17,0,4270,2391,6000,305,37,-0.07259,-0.038256
1776839604.0513093,1591,1,-46603366,0,-17,-17,0,4270,2391,6000,305,37,-0.07259,-0.040647
1776839604.1518693,1591,1,-46603358,0,-16,-17,0,4270,2391,6000,305,37,-0.07259,-0.038256
1776839604.2521195,1591,1,-46603362,0,-17,-17,0,4270,2391,6000,305,37,-0.07259,-0.040647
1776839604.3572922,1591,1,-46603376,0,-16,-17,0,4270,2391,6000,305,37,-0.07259,-0.038256
1776839604.457581,1591,1,-46603378,0,-17,-17,0,4270,2391,6000,305,37,-0.07259,-0.040647
1776839604.5587077,1591,1,-46603372,0,-17,-16,0,4270,2391,6000,305,37,-0.06832,-0.040647
1776839604.659392,1591,1,-46603356,0,-17,-16,0,4270,2391,6000,305,37,-0.06832,-0.040647
1776839604.7594354,1591,1,-46603362,0,-16,-16,0,4270,2391,6000,305,37,-0.06832,-0.038256
1776839604.859961,1591,1,-46603352,0,-16,-16,0,4270,2391,6000,305,37,-0.06832,-0.038256
1776839604.9603932,1591,1,-46603362,0,-17,-16,0,4270,2391,6000,305,37,-0.06832,-0.040647
1776839605.0609832,1591,1,-46603356,0,-16,-16,0,4270,2391,6000,305,37,-0.06832,-0.038256
1776839605.1613667,1591,1,-46603372,0,-16,-17,0,4270,2391,6000,305,37,-0.07259,-0.038256
1776839605.2615163,1591,1,-46603356,0,-16,-16,0,4270,2391,6000,305,37,-0.06832,-0.038256
1776839605.3837738,1591,1,-46603404,0,-16,-15,0,4270,2391,6000,305,37,-0.06405,-0.038256
1776839605.4840732,1591,1,-46603416,0,-16,-16,0,4270,2391,6000,305,37,-0.06832,-0.038256
1776839605.5846417,1591,1,-46603420,0,-16,-16,0,4270,2391,6000,305,37,-0.06832,-0.038256
1776839605.6855516,1591,1,-46603410,0,-18,-17,0,4270,2391,6000,306,37,-0.07259,-0.043038
1776839605.7859392,1591,1,-46603404,0,-17,-17,0,4270,2391,6000,306,37,-0.07259,-0.040647
1776839605.893638,1591,1,-46603388,0,-17,-17,0,4270,2391,6000,305,37,-0.07259,-0.040647
1776839605.994223,1591,1,-46603404,0,-16,-16,0,4270,2391,6000,305,37,-0.06832,-0.038256
1776839606.094337,1591,1,-46603422,0,-17,-16,0,4270,2391,6000,305,37,-0.06832,-0.040647
1776839606.194621,1591,1,-46603420,0,-17,-17,0,4270,2391,6000,305,37,-0.07259,-0.040647
1776839606.2947214,1591,1,-46603426,0,-17,-16,0,4270,2391,6000,305,37,-0.06832,-0.040647
1776839606.4214556,1591,1,-46603372,0,-17,-17,0,4270,2391,6000,304,37,-0.07259,-0.040647
1776839606.5217838,1591,1,-46603368,0,-16,-16,0,4270,2391,6000,305,37,-0.06832,-0.038256
1776839606.6223316,1591,1,-46603372,0,-17,-17,0,4270,2391,6000,305,37,-0.07259,-0.040647
1776839606.7229073,1591,1,-46603376,0,-17,-16,0,4270,2391,6000,305,37,-0.06832,-0.040647
1776839606.8230972,1591,1,-46603400,0,-17,-17,0,4270,2391,6000,305,37,-0.07259,-0.040647
1776839606.927842,1591,1,-46603366,0,-17,-16,0,4270,2391,6000,305,37,-0.06832,-0.040647
1776839607.0281715,1591,1,-46603352,0,-17,-16,0,4270,2391,6000,305,37,-0.06832,-0.040647
1776839607.1282723,1591,1,-46603362,0,-16,-17,0,4270,2391,6000,305,37,-0.07259,-0.038256
1776839607.2284963,1591,1,-46603356,0,-17,-16,0,4270,2391,6000,305,37,-0.06832,-0.040647
1776839607.328573,1591,1,-46603362,0,-17,-16,0,4270,2391,6000,305,37,-0.06832,-0.040647
1776839607.4535804,1591,1,-46603394,0,-17,-16,0,4270,2391,6000,305,37,-0.06832,-0.040647
1776839607.553706,1591,1,-46603394,0,-16,-17,0,4270,2391,6000,305,37,-0.07259,-0.038256
1776839607.6542306,1591,1,-46603410,0,-17,-17,0,4270,2391,6000,305,37,-0.07259,-0.040647
1776839607.7543578,1591,1,-46603422,0,-16,-16,0,4270,2391,6000,305,37,-0.06832,-0.038256
1776839607.8544939,1591,1,-46603422,0,-17,-16,0,4270,2391,6000,305,37,-0.06832,-0.040647
1776839607.9696221,1591,1,-46603372,0,-16,-17,0,4270,2391,6000,305,37,-0.07259,-0.038256
1776839608.07028,1591,1,-46603342,0,-16,-17,0,4270,2391,6000,305,37,-0.07259,-0.038256
1776839608.1706967,1591,1,-46603356,0,-16,-17,0,4270,2391,6000,304,37,-0.07259,-0.038256
1776839608.2709496,1591,1,-46603348,0,-16,-16,0,4270,2391,6000,304,37,-0.06832,-0.038256
1776839608.3712754,1591,1,-46603362,0,-16,-16,0,4270,2391,6000,305,37,-0.06832,-0.038256
1776839608.4883494,1591,1,-46603362,0,-16,-17,0,4270,2391,6000,305,37,-0.07259,-0.038256
1776839608.5886335,1591,1,-46603352,0,-17,-17,0,4270,2391,6000,304,37,-0.07259,-0.040647
1776839608.688789,1591,1,-46603352,0,-16,-17,0,4270,2391,6000,305,37,-0.07259,-0.038256
1776839608.7892408,1591,1,-46603362,0,-17,-16,0,4270,2391,6000,305,37,-0.06832,-0.040647
1776839608.8894966,1591,1,-46603352,0,-16,-17,0,4270,2391,6000,305,37,-0.07259,-0.038256
1776839609.0095387,1591,1,-46603362,0,-17,-17,0,4270,2391,6000,305,37,-0.07259,-0.040647
1776839609.1100993,1591,1,-46603348,0,-16,-17,0,4270,2391,6000,305,37,-0.07259,-0.038256
1776839609.2103584,1591,1,-46603362,0,-17,-17,0,4270,2391,6000,305,37,-0.07259,-0.040647
1776839609.3107553,1591,1,-46603372,0,-17,-17,0,4270,2391,6000,305,37,-0.07259,-0.040647
1776839609.4111907,1591,1,-46603368,0,-16,-16,0,4270,2391,6000,305,37,-0.06832,-0.038256
1776839609.5297256,1591,1,-46603376,0,-17,-15,0,4270,2391,6000,305,37,-0.06405,-0.040647
1776839609.6298764,1591,1,-46603372,0,-16,-16,0,4270,2391,6000,305,37,-0.06832,-0.038256
1776839609.7303987,1591,1,-46603362,0,-17,-17,0,4270,2391,6000,305,37,-0.07259,-0.040647
1776839609.830834,1591,1,-46603356,0,-17,-16,0,4270,2391,6000,305,37,-0.06832,-0.040647
1776839609.9309838,1591,1,-46603362,0,-16,-16,0,4270,2391,6000,305,37,-0.06832,-0.038256
1776839610.0502937,1591,1,-46603372,0,-15,-17,0,4270,2391,6000,305,37,-0.07259,-0.035865
1776839610.1506596,1591,1,-46603346,0,-17,-17,0,4270,2391,6000,305,37,-0.07259,-0.040647
1776839610.2513442,1591,1,-46603356,0,-16,-16,0,4270,2391,6000,305,37,-0.06832,-0.038256
1776839610.3521097,1591,1,-46603372,0,-16,-16,0,4270,2391,6000,305,37,-0.06832,-0.038256
1776839610.4525065,1591,1,-46603372,0,-16,-16,0,4270,2391,6000,305,37,-0.06832,-0.038256
1776839610.5690596,1591,1,-46603362,0,-16,-15,0,4270,2391,6000,305,37,-0.06405,-0.038256
1776839610.6697376,1591,1,-46603356,0,-17,-16,0,4270,2391,6000,305,37,-0.06832,-0.040647
1776839610.7698858,1591,1,-46603352,0,-17,-16,0,4270,2391,6000,305,37,-0.06832,-0.040647
1776839610.8699605,1591,1,-46603362,0,-17,-16,0,4270,2391,6000,305,37,-0.06832,-0.040647
1776839610.9701202,1591,1,-46603358,0,-17,-17,0,4270,2391,6000,305,37,-0.07259,-0.040647
1776839611.0966856,1591,1,-46603384,0,-16,-17,0,4270,2391,6000,305,37,-0.07259,-0.038256
1776839611.1971483,1591,1,-46603378,0,-16,-16,0,4270,2391,6000,305,37,-0.06832,-0.038256
1776839611.297352,1591,1,-46603368,0,-17,-16,0,4270,2391,6000,305,37,-0.06832,-0.040647
1776839611.397536,1591,1,-46603356,0,-16,-17,0,4270,2391,6000,305,37,-0.07259,-0.038256
1776839611.4978108,1591,1,-46603366,0,-16,-16,0,4270,2391,6000,305,37,-0.06832,-0.038256
1776839611.6004233,1591,1,-46603358,0,-17,-17,0,4270,2391,6000,305,37,-0.07259,-0.040647
1776839611.7006383,1591,1,-46603348,0,-16,-17,0,4270,2391,6000,305,37,-0.07259,-0.038256
1776839611.8008497,1591,1,-46603356,0,-17,-17,0,4270,2391,6000,305,37,-0.07259,-0.040647
1776839611.9011428,1591,1,-46603372,0,-16,-17,0,4270,2391,6000,305,37,-0.07259,-0.038256
1776839612.001289,1591,1,-46603356,0,-16,-16,0,4270,2391,6000,305,37,-0.06832,-0.038256
1776839612.1015818,1591,1,-46603372,0,-17,-17,0,4270,2391,6000,305,37,-0.07259,-0.040647
1776839612.2018027,1591,1,-46603362,0,-17,-16,0,4270,2391,6000,305,37,-0.06832,-0.040647
1776839612.3020022,1591,1,-46603356,0,-16,-16,0,4270,2391,6000,305,37,-0.06832,-0.038256
1776839612.4024568,1591,1,-46603372,0,-17,-16,0,4270,2391,6000,305,37,-0.06832,-0.040647
1776839612.5027246,1591,1,-46603372,0,-17,-16,0,4270,2391,6000,305,37,-0.06832,-0.040647
1776839612.6128826,1591,1,-46603366,0,-16,-16,0,4270,2391,6000,305,37,-0.06832,-0.038256
1776839612.7137551,1591,1,-46603404,0,-16,-15,0,4270,2391,6000,305,37,-0.06405,-0.038256
1776839612.8140616,1591,1,-46603398,0,-16,-16,0,4270,2391,6000,305,37,-0.06832,-0.038256
1776839612.91448,1591,1,-46603404,0,-16,-17,0,4270,2391,6000,305,37,-0.07259,-0.038256
1776839613.0148492,1591,1,-46603416,0,-16,-16,0,4270,2391,6000,305,37,-0.06832,-0.038256
1776839613.115029,1591,1,-46603404,0,-16,-16,0,4270,2391,6000,305,37,-0.06832,-0.038256
1776839613.215479,1591,1,-46603398,0,-16,-16,0,4270,2391,6000,305,37,-0.06832,-0.038256
1776839613.3158462,1591,1,-46603404,0,-17,-17,0,4270,2391,6000,305,37,-0.07259,-0.040647
1776839613.416134,1591,1,-46603384,0,-16,-16,0,4270,2391,6000,305,37,-0.06832,-0.038256
1776839613.5166705,1591,1,-46603378,0,-17,-17,0,4270,2391,6000,305,37,-0.07259,-0.040647
1776839613.6168635,1591,1,-46603382,0,-16,-17,0,4270,2391,6000,305,37,-0.07259,-0.038256
1776839613.7171707,1591,1,-46603384,0,-17,-17,0,4270,2391,6000,305,37,-0.07259,-0.040647
1776839613.8175628,1591,1,-46603368,0,-17,-16,0,4270,2391,6000,305,37,-0.06832,-0.040647
1776839613.9178276,1591,1,-46603376,0,-17,-16,0,4270,2391,6000,305,37,-0.06832,-0.040647
1776839614.0179386,1591,1,-46603352,0,-17,-16,0,4270,2391,6000,305,37,-0.06832,-0.040647
1776839614.1183147,1591,1,-46603366,0,-16,-16,0,4270,2391,6000,305,37,-0.06832,-0.038256
1776839614.2189362,1591,1,-46603366,0,-17,-17,0,4270,2391,6000,305,37,-0.07259,-0.040647
1776839614.3194923,1591,1,-46603362,0,-17,-16,0,4270,2391,6000,305,37,-0.06832,-0.040647
1776839614.4202013,1591,1,-46603366,0,-17,-17,0,4270,2391,6000,305,37,-0.07259,-0.040647
1776839614.5203302,1591,1,-46603356,0,-16,-17,0,4270,2391,6000,305,37,-0.07259,-0.038256
1776839614.6206775,1591,1,-46603358,0,-17,-16,0,4270,2391,6000,305,37,-0.06832,-0.040647
1776839614.7212882,1591,1,-46603362,0,-17,-17,0,4270,2391,6000,305,37,-0.07259,-0.040647
1776839614.8214667,1591,1,-46603352,0,-17,-16,0,4270,2391,6000,305,37,-0.06832,-0.040647
1776839614.921993,1591,1,-46603362,0,-16,-16,0,4270,2391,6000,305,37,-0.06832,-0.038256
1776839615.0225432,1591,1,-46603366,0,-17,-16,0,4270,2391,6000,305,37,-0.06832,-0.040647
1776839615.1229262,1591,1,-46603358,0,-17,-16,0,4270,2391,6000,305,37,-0.06832,-0.040647
1776839615.2232394,1591,1,-46603378,0,-16,-16,0,4270,2391,6000,305,37,-0.06832,-0.038256
1776839615.3234732,1591,1,-46603394,0,-17,-16,0,4270,2391,6000,305,37,-0.06832,-0.040647
1776839615.4236062,1591,1,-46603390,0,-17,-16,0,4270,2391,6000,305,37,-0.06832,-0.040647
1776839615.5241683,1591,1,-46603404,0,-15,-16,0,4270,2391,6000,305,37,-0.06832,-0.035865
1776839615.6242464,1591,1,-46603416,0,-16,-17,0,4270,2391,6000,305,37,-0.07259,-0.038256
1776839615.724406,1591,1,-46603416,0,-16,-16,0,4270,2391,6000,305,37,-0.06832,-0.038256
1776839615.824983,1591,1,-46603416,0,-16,-16,0,4270,2391,6000,305,37,-0.06832,-0.038256
1776839615.9250326,1591,1,-46603416,0,-16,-14,0,4270,2391,6000,305,37,-0.05978,-0.038256
1776839616.0253906,1591,1,-46603408,0,-16,-17,0,4270,2391,6000,305,37,-0.07259,-0.038256
1776839616.1442962,1591,1,-46603410,0,-16,-16,0,4270,2391,6000,305,37,-0.06832,-0.038256
1776839616.2447758,1591,1,-46603410,0,-16,-15,0,4270,2391,6000,305,37,-0.06405,-0.038256
1776839616.3453157,1591,1,-46603404,0,-15,-17,0,4270,2391,6000,305,37,-0.07259,-0.035865
1776839616.4454944,1591,1,-46603408,0,-17,-17,0,4270,2391,6000,305,37,-0.07259,-0.040647
1776839616.5460398,1591,1,-46603398,0,-16,-16,0,4270,2391,6000,305,37,-0.06832,-0.038256
1776839616.662518,1591,1,-46603362,0,-17,-16,0,4270,2391,6000,305,37,-0.06832,-0.040647
1776839616.7627676,1591,1,-46603356,0,-16,-16,0,4270,2391,6000,305,37,-0.06832,-0.038256
1776839616.8637433,1591,1,-46603384,0,-15,-16,0,4270,2391,6000,305,37,-0.06832,-0.035865
1776839616.964572,1591,1,-46603420,0,-16,-17,0,4270,2391,6000,305,37,-0.07259,-0.038256
1776839617.0647588,1591,1,-46603416,0,-16,-16,0,4270,2391,6000,305,37,-0.06832,-0.038256
1776839617.178994,1591,1,-46603362,0,-17,-17,0,4270,2391,6000,305,37,-0.07259,-0.040647
1776839617.2794888,1591,1,-46603352,0,-16,-17,0,4270,2391,6000,305,37,-0.07259,-0.038256
1776839617.3797045,1591,1,-46603366,0,-16,-16,0,4270,2391,6000,305,37,-0.06832,-0.038256
1776839617.4800453,1591,1,-46603362,0,-16,-16,0,4270,2391,6000,305,37,-0.06832,-0.038256
1776839617.5802622,1591,1,-46603362,0,-17,-16,0,4270,2391,6000,305,37,-0.06832,-0.040647
1776839617.698747,1591,1,-46603362,0,-16,-16,0,4270,2391,6000,305,37,-0.06832,-0.038256
1776839617.7997525,1591,1,-46603368,0,-16,-16,0,4270,2391,6000,305,37,-0.06832,-0.038256
1776839617.9002078,1591,1,-46603362,0,-17,-16,0,4270,2391,6000,305,37,-0.06832,-0.040647
1776839618.0007112,1591,1,-46603352,0,-17,-16,0,4270,2391,6000,305,37,-0.06832,-0.040647
1776839618.1011386,1591,1,-46603366,0,-16,-17,0,4270,2391,6000,305,37,-0.07259,-0.038256
1776839618.2030063,1591,1,-46603384,0,-17,-16,0,4270,2391,6000,305,37,-0.06832,-0.040647
1776839618.3032534,1591,1,-46603382,0,-16,-17,0,4270,2391,6000,305,37,-0.07259,-0.038256
1776839618.4040341,1591,1,-46603398,0,-17,-17,0,4270,2391,6000,305,37,-0.07259,-0.040647
1776839618.5044582,1591,1,-46603408,0,-16,-16,0,4270,2391,6000,305,37,-0.06832,-0.038256
1776839618.6047258,1591,1,-46603410,0,-17,-16,0,4270,2391,6000,305,37,-0.06832,-0.040647
1776839618.710932,1591,1,-46603362,0,-15,-16,0,4270,2391,6000,305,37,-0.06832,-0.035865
1776839618.8114731,1591,1,-46603362,0,-16,-17,0,4270,2391,6000,305,37,-0.07259,-0.038256
1776839618.911575,1591,1,-46603362,0,-16,-16,0,4270,2391,6000,305,37,-0.06832,-0.038256
1776839619.011811,1591,1,-46603356,0,-16,-16,0,4270,2391,6000,305,37,-0.06832,-0.038256
1776839619.1123204,1591,1,-46603352,0,-17,-17,0,4270,2391,6000,305,37,-0.07259,-0.040647
1776839619.2133312,1591,1,-46603384,0,-17,-16,0,4270,2391,6000,305,37,-0.06832,-0.040647
1776839619.3139448,1591,1,-46603372,0,-17,-16,0,4270,2391,6000,305,37,-0.06832,-0.040647
1776839619.414332,1591,1,-46603394,0,-16,-15,0,4270,2391,6000,305,37,-0.06405,-0.038256
1776839619.5149593,1591,1,-46603394,0,-17,-16,0,4270,2391,6000,305,37,-0.06832,-0.040647
1776839619.615045,1591,1,-46603398,0,-17,-16,0,4270,2391,6000,305,37,-0.06832,-0.040647
1776839619.7268517,1591,1,-46603404,0,-16,-16,0,4270,2391,6000,305,37,-0.06832,-0.038256
1776839619.8272376,1591,1,-46603378,0,-16,-17,0,4270,2391,6000,305,37,-0.07259,-0.038256
1776839619.9274237,1591,1,-46603382,0,-16,-16,0,4270,2391,6000,305,37,-0.06832,-0.038256
1776839620.027581,1591,1,-46603376,0,-16,-16,0,4270,2391,6000,305,37,-0.06832,-0.038256
1776839620.1278436,1591,1,-46603384,0,-17,-17,0,4270,2391,6000,305,37,-0.07259,-0.040647
1776839620.2279491,1591,1,-46603384,0,-16,-17,0,4270,2391,6000,305,37,-0.07259,-0.038256
1776839620.3281024,1591,1,-46603368,0,-17,-16,0,4270,2391,6000,305,37,-0.06832,-0.040647
1776839620.428452,1591,1,-46603382,0,-17,-16,0,4270,2391,6000,305,37,-0.06832,-0.040647
1776839620.5288837,1591,1,-46603362,0,-16,-17,0,4270,2391,6000,305,37,-0.07259,-0.038256
1776839620.6292596,1591,1,-46603372,0,-17,-16,0,4270,2391,6000,305,37,-0.06832,-0.040647
1776839620.729572,1591,1,-46603368,0,-17,-17,0,4270,2391,6000,305,37,-0.07259,-0.040647
1776839620.829767,1591,1,-46603358,0,-16,-16,0,4270,2391,6000,305,37,-0.06832,-0.038256
1776839620.9300325,1591,1,-46603362,0,-17,-16,0,4270,2391,6000,305,37,-0.06832,-0.040647
1776839621.030593,1591,1,-46603358,0,-16,-16,0,4270,2391,6000,305,37,-0.06832,-0.038256
1776839621.1310425,1591,1,-46603372,0,-16,-15,0,4270,2391,6000,305,37,-0.06405,-0.038256
1776839621.2312856,1591,1,-46603368,0,-16,-16,0,4270,2391,6000,304,37,-0.06832,-0.038256
1776839621.3318262,1591,1,-46603358,0,-16,-16,0,4270,2391,6000,305,37,-0.06832,-0.038256
1776839621.4318938,1591,1,-46603362,0,-16,-16,0,4270,2391,6000,305,37,-0.06832,-0.038256
1776839621.5324461,1591,1,-46603362,0,-17,-16,0,4270,2391,6000,305,37,-0.06832,-0.040647
1776839621.633295,1591,1,-46603362,0,-17,-17,0,4270,2391,6000,305,37,-0.07259,-0.040647
1776839621.733664,1591,1,-46603366,0,-16,-16,0,4270,2391,6000,305,37,-0.06832,-0.038256
1776839621.8340878,1591,1,-46603362,0,-17,-17,0,4270,2391,6000,305,37,-0.07259,-0.040647
1776839621.9342158,1591,1,-46603362,0,-16,-16,0,4270,2391,6000,305,37,-0.06832,-0.038256
1776839622.034372,1591,1,-46603388,0,-17,-16,0,4270,2391,6000,305,37,-0.06832,-0.040647
1776839622.1348066,1591,1,-46603384,0,-17,-15,0,4270,2391,6000,305,37,-0.06405,-0.040647
1776839622.2351959,1591,1,-46603378,0,-17,-17,0,4270,2391,6000,305,37,-0.07259,-0.040647
1776839622.335532,1591,1,-46603408,0,-17,-16,0,4270,2391,6000,305,37,-0.06832,-0.040647
1776839622.4356601,1591,1,-46603416,0,-16,-16,0,4270,2391,6000,305,37,-0.06832,-0.038256
1776839622.535998,1591,1,-46603408,0,-15,-16,0,4270,2391,6000,305,37,-0.06832,-0.035865
1776839622.6361709,1591,1,-46603404,0,-17,-17,0,4270,2391,6000,305,37,-0.07259,-0.040647
1776839622.736498,1591,1,-46603390,0,-17,-16,0,4270,2391,6000,305,37,-0.06832,-0.040647
1776839622.8368297,1591,1,-46603404,0,-16,-17,0,4270,2391,6000,305,37,-0.07259,-0.038256
1776839622.937234,1591,1,-46603404,0,-17,-16,0,4270,2391,6000,305,37,-0.06832,-0.040647
1776839623.0374086,1591,1,-46603394,0,-16,-17,0,4270,2391,6000,305,37,-0.07259,-0.038256
1776839623.137967,1591,1,-46603398,0,-17,-16,0,4270,2391,6000,305,37,-0.06832,-0.040647
1776839623.2383046,1591,1,-46603378,0,-17,-17,0,4270,2391,6000,305,37,-0.07259,-0.040647
1776839623.3387282,1591,1,-46603384,0,-16,-16,0,4270,2391,6000,305,37,-0.06832,-0.038256
1776839623.4389112,1591,1,-46603366,0,-17,-17,0,4270,2391,6000,305,37,-0.07259,-0.040647
1776839623.539477,1591,1,-46603366,0,-17,-16,0,4270,2391,6000,305,37,-0.06832,-0.040647
1776839623.6398618,1591,1,-46603362,0,-17,-16,0,4270,2391,6000,305,37,-0.06832,-0.040647
1776839623.750032,1591,1,-46603362,0,-17,-16,0,4270,2391,6000,305,37,-0.06832,-0.040647
1776839623.850198,1591,1,-46603368,0,-17,-16,0,4270,2391,6000,305,37,-0.06832,-0.040647
1776839623.9504168,1591,1,-46603356,0,-16,-16,0,4270,2391,6000,305,37,-0.06832,-0.038256
1776839624.0506904,1591,1,-46603356,0,-16,-16,0,4270,2391,6000,305,37,-0.06832,-0.038256
1776839624.1510656,1591,1,-46603378,0,-17,-16,0,4270,2391,6000,305,37,-0.06832,-0.040647
1776839624.2514617,1591,1,-46603352,0,-17,-16,0,4270,2391,6000,305,37,-0.06832,-0.040647
1776839624.3520045,1591,1,-46603362,0,-17,-16,0,4270,2391,6000,305,37,-0.06832,-0.040647
1776839624.4523404,1591,1,-46603362,0,-17,-16,0,4270,2391,6000,305,37,-0.06832,-0.040647
1776839624.5527482,1591,1,-46603356,0,-16,-16,0,4270,2391,6000,305,37,-0.06832,-0.038256
1776839624.6531482,1591,1,-46603362,0,-16,-17,0,4270,2391,6000,305,37,-0.07259,-0.038256
1776839624.7535222,1591,1,-46603366,0,-17,-16,0,4270,2391,6000,305,37,-0.06832,-0.040647
1776839624.85398,1591,1,-46603362,0,-16,-16,0,4270,2391,6000,305,37,-0.06832,-0.038256
1776839624.9541662,1591,1,-46603362,0,-17,-16,0,4270,2391,6000,305,37,-0.06832,-0.040647
1776839625.0546508,1591,1,-46603372,0,-16,-16,0,4270,2391,6000,305,37,-0.06832,-0.038256
1776839625.1551802,1591,1,-46603362,0,-16,-17,0,4270,2391,6000,305,37,-0.07259,-0.038256
1776839625.2849581,1591,1,-46603362,0,-17,-16,0,4270,2391,6000,305,37,-0.06832,-0.040647
1776839625.3851697,1591,1,-46603376,0,-17,-16,0,4270,2391,6000,305,37,-0.06832,-0.040647
1776839625.4859238,1591,1,-46603384,0,-16,-17,0,4270,2391,6000,305,37,-0.07259,-0.038256
1776839625.5861104,1591,1,-46603398,0,-16,-17,0,4270,2391,6000,305,37,-0.07259,-0.038256
1776839625.6872938,1591,1,-46603404,0,-17,-16,0,4270,2391,6000,305,37,-0.06832,-0.040647
1776839625.787868,1591,1,-46603400,0,-17,-16,0,4270,2391,6000,305,37,-0.06832,-0.040647
1776839625.8882132,1591,1,-46603400,0,-17,-16,0,4270,2391,6000,305,37,-0.06832,-0.040647
1776839625.9885485,1591,1,-46603378,0,-17,-17,0,4270,2391,6000,305,37,-0.07259,-0.040647
1776839626.0893588,1591,1,-46603362,0,-16,-16,0,4270,2391,6000,305,37,-0.06832,-0.038256
1776839626.1895587,1591,1,-46603368,0,-17,-17,0,4270,2391,6000,305,37,-0.07259,-0.040647
1776839626.290093,1591,1,-46603362,0,-16,-16,0,4270,2391,6000,305,37,-0.06832,-0.038256
1776839626.3902044,1591,1,-46603366,0,-16,-16,0,4270,2391,6000,305,37,-0.06832,-0.038256
1776839626.4905057,1591,1,-46603362,0,-17,-18,0,4270,2391,6000,305,37,-0.07686,-0.040647
1776839626.5910695,1591,1,-46603358,0,-17,-17,0,4270,2391,6000,305,37,-0.07259,-0.040647
1776839626.6911683,1591,1,-46603368,0,-17,-16,0,4270,2391,6000,305,37,-0.06832,-0.040647
1776839626.7919855,1591,1,-46603376,0,-17,-16,0,4270,2391,6000,305,37,-0.06832,-0.040647
1776839626.8924034,1591,1,-46603362,0,-15,-16,0,4270,2391,6000,305,37,-0.06832,-0.035865
1776839626.9927664,1591,1,-46603368,0,-16,-17,0,4270,2391,6000,305,37,-0.07259,-0.038256
1776839627.0931165,1591,1,-46603352,0,-16,-16,0,4270,2391,6000,305,37,-0.06832,-0.038256
1776839627.1936433,1591,1,-46603368,0,-17,-17,0,4270,2391,6000,305,37,-0.07259,-0.040647
1776839627.3011088,1591,1,-46603358,0,-15,-16,0,4270,2391,6000,305,37,-0.06832,-0.035865
1776839627.4014306,1591,1,-46603356,0,-16,-15,0,4270,2391,6000,305,37,-0.06405,-0.038256
1776839627.502184,1591,1,-46603362,0,-16,-17,0,4270,2391,6000,305,37,-0.07259,-0.038256
1776839627.6022956,1591,1,-46603356,0,-17,-17,0,4270,2391,6000,305,37,-0.07259,-0.040647
1776839627.7028785,1591,1,-46603366,0,-16,-16,0,4270,2391,6000,305,37,-0.06832,-0.038256
1776839627.8032763,1591,1,-46603352,0,-16,-17,0,4270,2391,6000,305,37,-0.07259,-0.038256
1776839627.9035764,1591,1,-46603362,0,-16,-17,0,4270,2391,6000,305,37,-0.07259,-0.038256
1776839628.0041065,1591,1,-46603362,0,-16,-16,0,4270,2391,6000,305,37,-0.06832,-0.038256
1776839628.1045616,1591,1,-46603362,0,-16,-17,0,4270,2391,6000,305,37,-0.07259,-0.038256
1776839628.2049477,1591,1,-46603356,0,-16,-17,0,4270,2391,6000,305,37,-0.07259,-0.038256
1776839628.305113,1591,1,-46603376,0,-17,-17,0,4270,2391,6000,305,37,-0.07259,-0.040647
1776839628.40566,1591,1,-46603378,0,-16,-17,0,4270,2391,6000,305,37,-0.07259,-0.038256
1776839628.506037,1591,1,-46603384,0,-17,-16,0,4270,2391,6000,305,37,-0.06832,-0.040647
1776839628.6068926,1591,1,-46603398,0,-16,-16,0,4270,2391,6000,305,37,-0.06832,-0.038256
1776839628.7072525,1591,1,-46603400,0,-17,-16,0,4270,2391,6000,305,37,-0.06832,-0.040647
1776839628.8145924,1591,1,-46603362,0,-16,-17,0,4270,2391,6000,305,37,-0.07259,-0.038256
1776839628.915168,1591,1,-46603352,0,-16,-16,0,4270,2391,6000,305,37,-0.06832,-0.038256
1776839629.0155063,1591,1,-46603382,0,-17,-16,0,4270,2391,6000,305,37,-0.06832,-0.040647
1776839629.1159346,1591,1,-46603382,0,-17,-16,0,4270,2391,6000,305,37,-0.06832,-0.040647
1776839629.2163022,1591,1,-46603378,0,-15,-16,0,4270,2391,6000,305,37,-0.06832,-0.035865
1776839629.3168402,1591,1,-46603390,0,-15,-16,0,4270,2391,6000,305,37,-0.06832,-0.035865
1776839629.4171898,1591,1,-46603400,0,-17,-16,0,4270,2391,6000,305,37,-0.06832,-0.040647
1776839629.5176585,1591,1,-46603416,0,-16,-17,0,4270,2391,6000,305,37,-0.07259,-0.038256
1776839629.6183474,1591,1,-46603394,0,-16,-15,0,4270,2391,6000,305,37,-0.06405,-0.038256
1776839629.718503,1591,1,-46603394,0,-16,-17,0,4270,2391,6000,305,37,-0.07259,-0.038256
1776839629.8188765,1591,1,-46603408,0,-16,-16,0,4270,2391,6000,305,37,-0.06832,-0.038256
1776839629.9200158,1591,1,-46603376,0,-17,-16,0,4270,2391,6000,305,37,-0.06832,-0.040647
1776839630.020155,1591,1,-46603372,0,-17,-16,0,4270,2391,6000,305,37,-0.06832,-0.040647
1776839630.1205986,1591,1,-46603362,0,-16,-17,0,4270,2391,6000,305,37,-0.07259,-0.038256
1776839630.2207649,1591,1,-46603372,0,-15,-16,0,4270,2391,6000,305,37,-0.06832,-0.035865
1776839630.3211906,1591,1,-46603362,0,-17,-16,0,4270,2391,6000,305,37,-0.06832,-0.040647
1776839630.421741,1591,1,-46603362,0,-16,-16,0,4270,2391,6000,305,37,-0.06832,-0.038256
1776839630.5221274,1591,1,-46603362,0,-17,-16,0,4270,2391,6000,305,37,-0.06832,-0.040647
1776839630.622254,1591,1,-46603356,0,-17,-16,0,4270,2391,6000,305,37,-0.06832,-0.040647
1776839630.7225044,1591,1,-46603362,0,-17,-16,0,4270,2391,6000,305,37,-0.06832,-0.040647
1776839630.8226974,1591,1,-46603362,0,-16,-16,0,4270,2391,6000,305,37,-0.06832,-0.038256
1776839630.9235198,1591,1,-46603362,0,-16,-16,0,4270,2391,6000,305,37,-0.06832,-0.038256
1776839631.0240335,1591,1,-46603362,0,-16,-16,0,4270,2391,6000,305,37,-0.06832,-0.038256
1776839631.1242461,1591,1,-46603368,0,-16,-16,0,4270,2391,6000,305,37,-0.06832,-0.038256
1776839631.2246766,1591,1,-46603362,0,-16,-16,0,4270,2391,6000,305,37,-0.06832,-0.038256
1776839631.3260694,1591,1,-46603352,0,-16,-16,0,4270,2391,6000,305,37,-0.06832,-0.038256
1776839631.426438,1591,1,-46603388,0,-16,-16,0,4270,2391,6000,305,37,-0.06832,-0.038256
1776839631.5266407,1591,1,-46603394,0,-17,-16,0,4270,2391,6000,305,37,-0.06832,-0.040647
1776839631.6270003,1591,1,-46603384,0,-16,-16,0,4270,2391,6000,305,37,-0.06832,-0.038256
1776839631.7274985,1591,1,-46603416,0,-16,-17,0,4270,2391,6000,305,37,-0.07259,-0.038256
1776839631.8309543,1591,1,-46603362,0,-16,-16,0,4270,2391,6000,305,37,-0.06832,-0.038256
1776839631.9319663,1591,1,-46603352,0,-17,-17,0,4270,2391,6000,305,37,-0.07259,-0.040647
1776839632.0322268,1591,1,-46603356,0,-16,-16,0,4270,2391,6000,305,37,-0.06832,-0.038256
1776839632.13253,1591,1,-46603362,0,-16,-16,0,4270,2391,6000,305,37,-0.06832,-0.038256
1776839632.2327483,1591,1,-46603356,0,-17,-16,0,4270,2391,6000,305,37,-0.06832,-0.040647
1776839632.3464644,1591,1,-46603384,0,-17,-17,0,4270,2391,6000,305,37,-0.07259,-0.040647
1776839632.447229,1591,1,-46603404,0,-17,-16,0,4270,2391,6000,305,37,-0.06832,-0.040647
1776839632.5475247,1591,1,-46603398,0,-17,-16,0,4270,2391,6000,305,37,-0.06832,-0.040647
1776839632.648014,1591,1,-46603416,0,-16,-16,0,4270,2391,6000,305,37,-0.06832,-0.038256
1776839632.7484832,1591,1,-46603416,0,-16,-16,0,4270,2391,6000,305,37,-0.06832,-0.038256
1776839632.8570278,1591,1,-46603384,0,-15,-15,0,4270,2391,6000,305,37,-0.06405,-0.035865
1776839632.9574184,1591,1,-46603416,0,-16,-16,0,4270,2391,6000,305,37,-0.06832,-0.038256
1776839633.0578096,1591,1,-46603404,0,-16,-16,0,4270,2391,6000,305,37,-0.06832,-0.038256
1776839633.1582582,1591,1,-46603408,0,-17,-17,0,4270,2391,6000,305,37,-0.07259,-0.040647
1776839633.258832,1591,1,-46603416,0,-16,-16,0,4270,2391,6000,305,37,-0.06832,-0.038256
1776839633.3591225,1591,1,-46603410,0,-16,-17,0,4270,2391,6000,305,37,-0.07259,-0.038256
1776839633.459263,1591,1,-46603404,0,-16,-16,0,4270,2391,6000,305,37,-0.06832,-0.038256
1776839633.560139,1591,1,-46603398,0,-16,-16,0,4270,2391,6000,305,37,-0.06832,-0.038256
1776839633.6605961,1591,1,-46603362,0,-17,-16,0,4270,2391,6000,306,37,-0.06832,-0.040647
1776839633.7614102,1591,1,-46603368,0,-16,-16,0,4270,2391,6000,305,37,-0.06832,-0.038256
1776839633.8620515,1591,1,-46603362,0,-16,-16,0,4270,2391,6000,305,37,-0.06832,-0.038256
1776839633.9621377,1591,1,-46603362,0,-17,-16,0,4270,2391,6000,305,37,-0.06832,-0.040647
1776839634.062262,1591,1,-46603356,0,-16,-15,0,4270,2391,6000,306,37,-0.06405,-0.038256
1776839634.1627762,1591,1,-46603356,0,-16,-17,0,4270,2391,6000,305,37,-0.07259,-0.038256
1776839634.263079,1591,1,-46603362,0,-16,-16,0,4270,2391,6000,305,37,-0.06832,-0.038256
1776839634.3690102,1591,1,-46603420,0,-16,-17,0,4270,2391,6000,305,37,-0.07259,-0.038256
1776839634.469634,1591,1,-46603384,0,-16,-17,0,4270,2391,6000,305,37,-0.07259,-0.038256
1776839634.5699108,1591,1,-46603394,0,-16,-15,0,4270,2391,6000,305,37,-0.06405,-0.038256
1776839634.670164,1591,1,-46603382,0,-16,-16,0,4270,2391,6000,305,37,-0.06832,-0.038256
1776839634.7705255,1591,1,-46603378,0,-17,-16,0,4270,2391,6000,305,37,-0.06832,-0.040647
1776839634.8707764,1591,1,-46603372,0,-15,-17,0,4270,2391,6000,305,37,-0.07259,-0.035865
1776839634.9708881,1591,1,-46603358,0,-15,-16,0,4270,2391,6000,305,37,-0.06832,-0.035865
1776839635.0713532,1591,1,-46603366,0,-16,-16,0,4270,2391,6000,305,37,-0.06832,-0.038256
1776839635.1716514,1591,1,-46603362,0,-16,-17,0,4270,2391,6000,305,37,-0.07259,-0.038256
1776839635.2720082,1591,1,-46603372,0,-17,-15,0,4270,2391,6000,305,37,-0.06405,-0.040647
1776839635.3838725,1591,1,-46603362,0,-16,-16,0,4270,2391,6000,305,37,-0.06832,-0.038256
1776839635.4839332,1591,1,-46603362,0,-18,-17,0,4270,2391,6000,305,37,-0.07259,-0.043038
1776839635.5842843,1591,1,-46603362,0,-16,-17,0,4270,2391,6000,305,37,-0.07259,-0.038256
1776839635.684749,1591,1,-46603362,0,-16,-16,0,4270,2391,6000,305,37,-0.06832,-0.038256
1776839635.784979,1591,1,-46603348,0,-16,-16,0,4270,2391,6000,306,37,-0.06832,-0.038256
1776839635.9043264,1591,1,-46603356,0,-16,-17,0,4270,2391,6000,305,37,-0.07259,-0.038256
1776839636.0048494,1591,1,-46603366,0,-17,-16,0,4270,2391,6000,305,37,-0.06832,-0.040647
1776839636.1053808,1591,1,-46603356,0,-16,-17,0,4270,2391,6000,305,37,-0.07259,-0.038256
1776839636.2056894,1591,1,-46603352,0,-16,-17,0,4270,2391,6000,305,37,-0.07259,-0.038256
1776839636.3063164,1591,1,-46603372,0,-17,-16,0,4270,2391,6000,305,37,-0.06832,-0.040647
1776839636.4065456,1591,1,-46603382,0,-17,-16,0,4270,2391,6000,305,37,-0.06832,-0.040647
1776839636.507105,1591,1,-46603372,0,-16,-16,0,4270,2391,6000,305,37,-0.06832,-0.038256
1776839636.607561,1591,1,-46603404,0,-16,-17,0,4270,2391,6000,305,37,-0.07259,-0.038256
1776839636.7081447,1591,1,-46603416,0,-16,-16,0,4270,2391,6000,305,37,-0.06832,-0.038256
1776839636.8086276,1591,1,-46603416,0,-16,-16,0,4270,2391,6000,306,37,-0.06832,-0.038256
1776839636.9092484,1591,1,-46603416,0,-16,-16,0,4270,2391,6000,305,37,-0.06832,-0.038256
1776839637.0093327,1591,1,-46603398,0,-17,-17,0,4270,2391,6000,305,37,-0.07259,-0.040647
1776839637.1097507,1591,1,-46603398,0,-16,-16,0,4270,2391,6000,305,37,-0.06832,-0.038256
1776839637.210237,1591,1,-46603394,0,-16,-15,0,4270,2391,6000,305,37,-0.06405,-0.038256
1776839637.3106358,1591,1,-46603372,0,-16,-16,0,4270,2391,6000,305,37,-0.06832,-0.038256
1776839637.411199,1591,1,-46603378,0,-16,-16,0,4270,2391,6000,305,37,-0.06832,-0.038256
1776839637.511581,1591,1,-46603372,0,-17,-16,0,4270,2391,6000,305,37,-0.06832,-0.040647
1776839637.6120315,1591,1,-46603366,0,-17,-16,0,4270,2391,6000,305,37,-0.06832,-0.040647
1776839637.7123635,1591,1,-46603362,0,-16,-16,0,4270,2391,6000,306,37,-0.06832,-0.038256
1776839637.812832,1591,1,-46603358,0,-16,-17,0,4270,2391,6000,306,37,-0.07259,-0.038256
1776839637.9133031,1591,1,-46603356,0,-16,-16,0,4270,2391,6000,305,37,-0.06832,-0.038256
1776839638.0135148,1591,1,-46603348,0,-16,-17,0,4270,2391,6000,305,37,-0.07259,-0.038256
1776839638.1136534,1591,1,-46603356,0,-16,-17,0,4270,2391,6000,305,37,-0.07259,-0.038256
1776839638.2137725,1591,1,-46603362,0,-16,-16,0,4270,2391,6000,305,37,-0.06832,-0.038256
1776839638.3138912,1591,1,-46603352,0,-17,-16,0,4270,2391,6000,305,37,-0.06832,-0.040647
1776839638.4162307,567,1,-45398111,1363,24,24,0,4270,2391,6000,305,37,0.10248,0.057384
1776839638.5168211,567,1,-40559649,1776,27,27,0,4270,2391,6000,305,37,0.11529,0.064557
1776839638.616904,567,1,-35566219,1788,22,23,0,4270,2391,6000,305,37,0.09821,0.052602
1776839638.7171288,567,1,-30566259,1788,27,26,0,4270,2391,6000,305,37,0.11102,0.064557
1776839638.8172848,567,1,-25566490,1788,24,25,0,4270,2391,6000,305,37,0.10675,0.057384
1776839638.9176676,567,1,-20516229,1788,27,26,0,4270,2391,6000,306,37,0.11102,0.064557
1776839639.0181243,567,1,-15466469,1788,23,23,0,4270,2391,6000,305,37,0.09821,0.054993
1776839639.1185896,567,1,-10466353,1788,24,26,0,4270,2391,6000,305,37,0.11102,0.057384
1776839639.2274039,567,1,-5066155,1789,23,24,0,4270,2391,6000,306,37,0.10248,0.054993
1776839639.3277047,567,1,-15923,1789,23,26,0,4270,2391,6000,306,37,0.11102,0.054993
1776839639.4278786,567,1,4983832,1789,24,25,0,4270,2391,6000,305,37,0.10675,0.057384
1776839639.5281081,567,1,9983966,1789,28,26,0,4270,2391,6000,305,37,0.11102,0.066948
1776839639.628642,567,1,15033988,1789,24,24,0,4270,2391,6000,306,37,0.10248,0.057384
1776839639.7295818,567,1,20334087,1789,24,22,0,4270,2391,6000,305,37,0.09394,0.057384
1776839639.8300664,567,1,25083849,1789,24,23,0,4270,2391,6000,305,37,0.09821,0.057384
1776839639.9303777,567,1,30133984,1789,25,23,0,4270,2391,6000,305,37,0.09821,0.059775
1776839640.0307744,567,1,35133834,1789,25,24,0,4270,2391,6000,306,37,0.10248,0.059775
1776839640.1320114,567,1,40183960,1789,27,23,0,4270,2391,6000,305,37,0.09821,0.064557
1776839640.2323337,567,1,45232472,1774,8,6,0,4270,2391,6000,306,37,0.02562,0.019128
1776839640.332874,567,1,46567242,65,18,18,0,4270,2391,6000,306,37,0.07686,0.043038
1776839640.435784,567,1,46601921,2,18,20,0,4270,2391,6000,305,37,0.0854,0.043038
1776839640.5362852,567,1,46603065,0,17,17,0,4270,2391,6000,305,37,0.07259,0.040647
1776839640.6364293,567,1,46603005,0,16,15,0,4270,2391,6000,305,37,0.06405,0.038256
1776839640.736959,1591,1,46602958,0,16,15,0,4270,2391,6000,305,37,0.06405,0.038256
1776839640.837355,1591,1,46602926,0,14,15,0,4270,2391,6000,305,37,0.06405,0.033474
1776839640.9464855,1591,1,46602922,0,15,16,0,4270,2391,6000,305,37,0.06832,0.035865
1776839641.0472302,1591,1,46602914,0,15,15,0,4270,2391,6000,306,37,0.06405,0.035865
1776839641.147289,1591,1,46602910,0,15,15,0,4270,2391,6000,305,37,0.06405,0.035865
1776839641.2475693,1591,1,46602926,0,15,15,0,4270,2391,6000,305,37,0.06405,0.035865
1776839641.3483899,1591,1,46602936,0,14,14,0,4270,2391,6000,305,37,0.05978,0.033474
1776839641.4487448,1591,1,46602936,0,14,15,0,4270,2391,6000,305,37,0.06405,0.033474
1776839641.5489142,1591,1,46602940,0,15,15,0,4270,2391,6000,305,37,0.06405,0.035865
1776839641.6490576,1591,1,46602936,0,14,15,0,4270,2391,6000,306,37,0.06405,0.033474
1776839641.749401,1591,1,46602936,0,15,15,0,4270,2391,6000,306,37,0.06405,0.035865
1776839641.8499312,1591,1,46602940,0,14,15,0,4270,2391,6000,306,37,0.06405,0.033474
1776839641.983729,1591,1,46602898,0,14,15,0,4270,2391,6000,306,37,0.06405,0.033474
1776839642.084641,1591,1,46602894,0,15,15,0,4270,2391,6000,305,37,0.06405,0.035865
1776839642.1849916,1591,1,46602894,0,15,15,0,4270,2391,6000,305,37,0.06405,0.035865
1776839642.2851772,1591,1,46602910,0,14,15,0,4270,2391,6000,305,37,0.06405,0.033474
1776839642.3855088,1591,1,46602894,0,14,14,0,4270,2391,6000,305,37,0.05978,0.033474
1776839642.4858654,1591,1,46602894,0,14,15,0,4270,2391,6000,305,37,0.06405,0.033474
1776839642.586287,1591,1,46602898,0,14,15,0,4270,2391,6000,305,37,0.06405,0.033474
1776839642.6870732,1591,1,46602900,0,14,14,0,4270,2391,6000,305,37,0.05978,0.033474
1776839642.7873867,1591,1,46602930,0,15,14,0,4270,2391,6000,305,37,0.05978,0.035865
1776839642.8874748,1591,1,46602922,0,15,15,0,4270,2391,6000,305,37,0.06405,0.035865
1776839642.9880862,1591,1,46602914,0,14,14,0,4270,2391,6000,305,37,0.05978,0.033474
1776839643.0886328,1591,1,46602932,0,15,14,0,4270,2391,6000,305,37,0.05978,0.035865
1776839643.1888049,1591,1,46602936,0,15,15,0,4270,2391,6000,305,37,0.06405,0.035865
1776839643.2890685,1591,1,46602936,0,14,15,0,4270,2391,6000,305,37,0.06405,0.033474
1776839643.3891313,1591,1,46602932,0,14,14,0,4270,2391,6000,305,37,0.05978,0.033474
1776839643.4892514,1591,1,46602936,0,14,15,0,4270,2391,6000,305,37,0.06405,0.033474
1776839643.5897162,1591,1,46602948,0,14,15,0,4270,2391,6000,305,37,0.06405,0.033474
1776839643.690023,1591,1,46602936,0,14,14,0,4270,2391,6000,305,37,0.05978,0.033474
1776839643.7902565,1591,1,46602936,0,14,15,0,4270,2391,6000,305,37,0.06405,0.033474
1776839643.8904333,1591,1,46602910,0,14,15,0,4270,2391,6000,305,37,0.06405,0.033474
1776839643.9908428,1591,1,46602914,0,14,14,0,4270,2391,6000,305,37,0.05978,0.033474
1776839644.0911086,1591,1,46602914,0,15,14,0,4270,2391,6000,305,37,0.05978,0.035865
1776839644.1913307,1591,1,46602920,0,14,15,0,4270,2391,6000,305,37,0.06405,0.033474
1776839644.2914274,1591,1,46602904,0,14,15,0,4270,2391,6000,305,37,0.06405,0.033474
1776839644.3915613,1591,1,46602904,0,15,16,0,4270,2391,6000,305,37,0.06832,0.035865
1776839644.4917912,1591,1,46602900,0,14,14,0,4270,2391,6000,305,37,0.05978,0.033474
1776839644.5920658,1591,1,46602908,0,14,15,0,4270,2391,6000,305,37,0.06405,0.033474
1776839644.6924293,1591,1,46602898,0,15,15,0,4270,2391,6000,305,37,0.06405,0.035865
1776839644.7928824,1591,1,46602904,0,15,15,0,4270,2391,6000,305,37,0.06405,0.035865
1776839644.8929229,1591,1,46602894,0,15,15,0,4270,2391,6000,306,37,0.06405,0.035865
1776839644.9936984,1591,1,46602894,0,15,14,0,4270,2391,6000,306,37,0.05978,0.035865
1776839645.0940907,1591,1,46602894,0,14,14,0,4270,2391,6000,306,37,0.05978,0.033474
1776839645.1942937,1591,1,46602904,0,15,15,0,4270,2391,6000,306,37,0.06405,0.035865
1776839645.2946203,1591,1,46602900,0,15,16,0,4270,2391,6000,305,37,0.06832,0.035865
1776839645.3958573,1591,1,46602900,0,15,15,0,4270,2391,6000,306,37,0.06405,0.035865
1776839645.4965537,1591,1,46602898,0,15,14,0,4270,2391,6000,305,37,0.05978,0.035865
1776839645.5971782,1591,1,46602894,0,15,14,0,4270,2391,6000,306,37,0.05978,0.035865
1776839645.697535,1591,1,46602914,0,14,14,0,4270,2391,6000,306,37,0.05978,0.033474
1776839645.797824,1591,1,46602914,0,14,15,0,4270,2391,6000,306,37,0.06405,0.033474
1776839645.8982248,1591,1,46602922,0,14,15,0,4270,2391,6000,305,37,0.06405,0.033474
1776839645.9984593,1591,1,46602922,0,15,14,0,4270,2391,6000,306,37,0.05978,0.035865
1776839646.0985246,1591,1,46602936,0,14,14,0,4270,2391,6000,305,37,0.05978,0.033474
1776839646.1990938,1591,1,46602936,0,14,15,0,4270,2391,6000,305,37,0.06405,0.033474
1776839646.2994478,1591,1,46602942,0,15,15,0,4270,2391,6000,305,37,0.06405,0.035865
1776839646.399903,1591,1,46602948,0,14,15,0,4270,2391,6000,305,37,0.06405,0.033474
1776839646.500015,1591,1,46602936,0,15,14,0,4270,2391,6000,305,37,0.05978,0.035865
1776839646.6003935,1591,1,46602914,0,14,15,0,4270,2391,6000,305,37,0.06405,0.033474
1776839646.7005818,1591,1,46602914,0,15,15,0,4270,2391,6000,305,37,0.06405,0.035865
1776839646.8007562,1591,1,46602910,0,14,15,0,4270,2391,6000,305,37,0.06405,0.033474
1776839646.901525,1591,1,46602900,0,14,14,0,4270,2391,6000,305,37,0.05978,0.033474
1776839647.001903,1591,1,46602908,0,14,14,0,4270,2391,6000,305,37,0.05978,0.033474
1776839647.1022196,1591,1,46602904,0,14,15,0,4270,2391,6000,305,37,0.06405,0.033474
1776839647.2023702,1591,1,46602900,0,14,14,0,4270,2391,6000,305,37,0.05978,0.033474
1776839647.3026822,1591,1,46602894,0,14,14,0,4270,2391,6000,305,37,0.05978,0.033474
1776839647.4029756,1591,1,46602894,0,15,14,0,4270,2391,6000,305,37,0.05978,0.035865
1776839647.5036645,1591,1,46602894,0,15,14,0,4270,2391,6000,305,37,0.05978,0.035865
1776839647.6037376,1591,1,46602894,0,15,14,0,4270,2391,6000,305,37,0.05978,0.035865
1776839647.7038424,1591,1,46602894,0,14,14,0,4270,2391,6000,305,37,0.05978,0.033474
1776839647.8040712,1591,1,46602904,0,14,15,0,4270,2391,6000,305,37,0.06405,0.033474
1776839647.9042244,1591,1,46602894,0,14,14,0,4270,2391,6000,305,37,0.05978,0.033474
1776839648.0045667,1591,1,46602898,0,15,15,0,4270,2391,6000,305,37,0.06405,0.035865
1776839648.1049485,1591,1,46602904,0,14,15,0,4270,2391,6000,305,37,0.06405,0.033474
1776839648.2052703,1591,1,46602894,0,15,15,0,4270,2391,6000,305,37,0.06405,0.035865
1776839648.305426,1591,1,46602894,0,14,15,0,4270,2391,6000,305,37,0.06405,0.033474
1776839648.405944,1591,1,46602894,0,14,14,0,4270,2391,6000,305,37,0.05978,0.033474
1776839648.5063198,1591,1,46602894,0,14,15,0,4270,2391,6000,305,37,0.06405,0.033474
